[
{
  "pk": 2, 
  "model": "bookStore.book", 
  "fields": {
    "enFile": "books/Dive_Into_Python_3__en.pdf", 
    "cnFile": "books/Dive_Into_Python_3__cn.pdf", 
    "title": "dive into python 3"
  }
},
{
  "pk": 3, 
  "model": "bookStore.book", 
  "fields": {
    "enFile": "books/A_Byte_of_Python__en.pdf", 
    "cnFile": "", 
    "title": "a byte of python"
  }
},
{
  "pk": 4, 
  "model": "bookStore.book", 
  "fields": {
    "enFile": "books/Pro_Django__en.pdf", 
    "cnFile": "", 
    "title": "pro django"
  }
},
{
  "pk": 5, 
  "model": "bookStore.book", 
  "fields": {
    "enFile": "books/The_Definitive_Guide_to_Django__2nd_Edition__en.pdf", 
    "cnFile": "books/The_Definitive_Guide_to_Django__cn.pdf", 
    "title": "The Definitive Guide to Django"
  }
},
{
  "pk": 6, 
  "model": "bookStore.book", 
  "fields": {
    "enFile": "books/Head_First_Python__en.pdf", 
    "cnFile": "", 
    "title": "head first python"
  }
},
{
  "pk": 7, 
  "model": "bookStore.book", 
  "fields": {
    "enFile": "books/css--the_definitive_guide__en.pdf", 
    "cnFile": "books/css--the_definitive_guide__cn.pdf", 
    "title": "css--the definitive guide"
  }
},
{
  "pk": 8, 
  "model": "bookStore.book", 
  "fields": {
    "enFile": "books/Building_Great_Sentences_-_Exploring_the_Writers_Craft_Guidebook_1.pdf", 
    "cnFile": "", 
    "title": "Building Great Sentences - Exploring the Writer's Craft (Guidebook)"
  }
},
{
  "pk": 9, 
  "model": "bookStore.book", 
  "fields": {
    "enFile": "", 
    "cnFile": "books/\u7f8e\u56fd\u79cd\u65cf\u7b80\u53f2.ethnic.american.a.history.\u6258\u9a6c\u65af\u7d22\u5a01\u5c14.\u6587\u5b57\u7248.pdf", 
    "title": "\u7f8e\u56fd\u79cd\u65cf\u7b80\u53f2"
  }
},
{
  "pk": 11, 
  "model": "bookStore.book", 
  "fields": {
    "enFile": "books/Introduction_to_MATLAB_for_Engineers.pdf", 
    "cnFile": "", 
    "title": "Introduction to MATLAB for Engineers"
  }
},
{
  "pk": 12, 
  "model": "bookStore.book", 
  "fields": {
    "enFile": "", 
    "cnFile": "books/Django_Web\u5f00\u53d1\u6307\u5357.pdf", 
    "title": "Django Web\u5f00\u53d1\u6307\u5357"
  }
},
{
  "pk": 13, 
  "model": "bookStore.book", 
  "fields": {
    "enFile": "books/Python_Cookbook_3rd_Edition.pdf", 
    "cnFile": "books/Python.Cookbook28\u7b2c2\u724829\u4e2d\u6587\u7248.pdf", 
    "title": "python cookbook"
  }
},
{
  "pk": 14, 
  "model": "bookStore.book", 
  "fields": {
    "enFile": "books/Core_python_programming.pdf", 
    "cnFile": "", 
    "title": "core python programming"
  }
},
{
  "pk": 15, 
  "model": "bookStore.book", 
  "fields": {
    "enFile": "", 
    "cnFile": "books/python\u6807\u51c6\u5e93\u4e2d\u6587\u7248PDF\u5e26\u7ae0\u8282\u4e66\u7b7e.pdf", 
    "title": "Python Standard Library"
  }
},
{
  "pk": 16, 
  "model": "bookStore.book", 
  "fields": {
    "enFile": "books/Expert_Python_Programming.pdf", 
    "cnFile": "books/Python\u9ad8\u7ea7\u7f16\u7a0b.pdf", 
    "title": "Expert Python Programming"
  }
},
{
  "pk": 17, 
  "model": "bookStore.book", 
  "fields": {
    "enFile": "", 
    "cnFile": "books/Python\u6e90\u7801\u5256\u6790.pdf", 
    "title": "Python\u6e90\u7801\u5256\u6790"
  }
},
{
  "pk": 18, 
  "model": "bookStore.book", 
  "fields": {
    "enFile": "", 
    "cnFile": "books/PYTHON\u7f51\u7edc\u7f16\u7a0b\u57fa\u7840.pdf", 
    "title": "python \u7f51\u7edc\u7f16\u7a0b\u57fa\u7840"
  }
},
{
  "pk": 1, 
  "model": "bookStore.chapter", 
  "fields": {
    "abstract": "", 
    "book": 5, 
    "chapNo": 8, 
    "chapName": "Advanced Views and URLconfs"
  }
},
{
  "pk": 2, 
  "model": "bookStore.chapter", 
  "fields": {
    "abstract": "", 
    "book": 5, 
    "chapNo": 9, 
    "chapName": "Advanced Templates"
  }
},
{
  "pk": 3, 
  "model": "bookStore.chapter", 
  "fields": {
    "abstract": "request\u4e2d\u83b7\u53d6\u6570\u636e\uff0c\u57fa\u672c\u7684\u9a8c\u8bc1\u4e0e\u6d17\u6570\u636e\uff0c\u5b57\u6bb5\u5c55\u793awidget\uff0c\u521d\u59cb\u5b57\u6bb5\uff0c\u81ea\u5b9a\u4e49\u68c0\u9a8c\uff0c\u81ea\u5b9a\u4e49\u6807\u7b7e", 
    "book": 5, 
    "chapNo": 7, 
    "chapName": "Forms"
  }
},
{
  "pk": 4, 
  "model": "bookStore.chapter", 
  "fields": {
    "abstract": "cgi\u4e0e\u6846\u67b6\u5bf9\u6bd4\uff0c\u53d1\u5c55\u5386\u53f2\uff0c\u6240\u9700\u80cc\u666f\u77e5\u8bc6\u4e0e\u9605\u8bfb\u65b9\u6cd5", 
    "book": 5, 
    "chapNo": 1, 
    "chapName": "Introduction to Django"
  }
},
{
  "pk": 5, 
  "model": "bookStore.chapter", 
  "fields": {
    "abstract": "\u5b89\u88c5\u4e0e\u8fd0\u884c\u6d4b\u8bd5\u670d\u52a1\u5668", 
    "book": 5, 
    "chapNo": 2, 
    "chapName": "Getting Started "
  }
},
{
  "pk": 6, 
  "model": "bookStore.chapter", 
  "fields": {
    "abstract": "3\u4e2a\u6848\u4f8b\uff1a\uff081\uff09\u7b80\u5355URL \u548c\u9875\u9762\uff082\uff09\u7b80\u5355URL \u548c \u52a8\u6001\u9875\u9762\u5185\u5bb9\uff083\uff09\u52a8\u6001URL \u548c\u52a8\u6001\u9875\u9762\u5185\u5bb9", 
    "book": 5, 
    "chapNo": 3, 
    "chapName": "Views and URLconfs "
  }
},
{
  "pk": 7, 
  "model": "bookStore.chapter", 
  "fields": {
    "abstract": "\u6a21\u677f\u5bf9\u8c61\u53ca\u5176render\u65b9\u6cd5\uff0c\u8bbf\u95ee\u5217\u8868\u7d22\u5f15\u548c\u65e0\u53c2\u51fd\u6570\uff0c\u6807\u7b7e\uff0c\u6ce8\u91ca\uff0c\u8fc7\u6ee4\u5668\uff0c\u6a21\u677f\u7684\u9ed8\u8ba4\u503c", 
    "book": 5, 
    "chapNo": 4, 
    "chapName": "Templates "
  }
},
{
  "pk": 8, 
  "model": "bookStore.chapter", 
  "fields": {
    "abstract": "MVC\u4e0eMTV\u67b6\u6784\uff0c\u5b89\u88c5model\uff0cmeta\u7c7b\u5904\u7406\u6392\u5e8f\uff0cCURD\uff0cupdate\u65b9\u6cd5\uff0cdelete\uff0call\uff0cfilter\uff0cget", 
    "book": 5, 
    "chapNo": 5, 
    "chapName": "Models "
  }
},
{
  "pk": 9, 
  "model": "bookStore.chapter", 
  "fields": {
    "abstract": "django.contrib \u53ca admin \u7684\u7b80\u5355\u7528\u6cd5", 
    "book": 5, 
    "chapNo": 6, 
    "chapName": "The Django Admin Site "
  }
},
{
  "pk": 10, 
  "model": "bookStore.chapter", 
  "fields": {
    "abstract": "\u4ece\u5934\u642d\u5efa\u4e00\u4e2a blog\u3002\r\n\r\nmodel->url->views->template\u7684\u987a\u5e8f\u8fdb\u884c", 
    "book": 12, 
    "chapNo": 2, 
    "chapName": "Django\u901f\u6210\uff1a\u6784\u5efa\u4e00\u4e2aBlog"
  }
},
{
  "pk": 11, 
  "model": "bookStore.chapter", 
  "fields": {
    "abstract": "\u5b9e\u73b0\u4e00\u4e2a\u7b80\u5355\u7684\uff0c\u5305\u542b\u6743\u9650\u7ba1\u7406\u7684\u5185\u5bb9\u7ba1\u7406\u7cfb\u7edf", 
    "book": 12, 
    "chapNo": 8, 
    "chapName": "\u5185\u5bb9\u7ba1\u7406\u7cfb\u7edf"
  }
},
{
  "pk": 1, 
  "model": "bookStore.readingstatus", 
  "fields": {
    "name": "\u638c\u63e1", 
    "desc": "\u638c\u63e1\u4e86\u5168\u90e8\u6216\u5927\u591a\u6570\u5185\u5bb9\u3002\u672a\u638c\u63e1\u7684\u5c0f\u7ec6\u8282\uff0c\u5efa\u8bae\u901a\u8fc7\u5176\u4ed6\u65b9\u5f0f\u6df1\u5165\u5b66\u4e60\u3002"
  }
},
{
  "pk": 6, 
  "model": "bookStore.readingstatus", 
  "fields": {
    "name": "\u5ffd\u7565", 
    "desc": "\u65e0\u9700\u9605\u8bfb\u548c\u5b66\u4e60\u3002\u539f\u56e0\u5f88\u591a\uff0c\u53ef\u80fd\u5df2\u7ecf\u5b66\u4e60\u8fc7\uff0c\u53ef\u80fd\u53ea\u9002\u5408\u4e8e\u5f53\u4f5c\u624b\u518c"
  }
},
{
  "pk": 7, 
  "model": "bookStore.readingstatus", 
  "fields": {
    "name": "\u5b66\u4e60", 
    "desc": "\u5b66\u5230\u4e86\u975e\u5e38\u6709\u7528\u7684\u4e1c\u897f\uff0c\u4f46\u662f\u7406\u89e3\u7684\u4e0d\u591f\u6df1\u523b\uff0c\u503c\u5f97\u518d\u6b21\u9605\u8bfb\u3002"
  }
},
{
  "pk": 8, 
  "model": "bookStore.readingstatus", 
  "fields": {
    "name": "\u6655", 
    "desc": "\u867d\u7136\u6ca1\u770b\u61c2\uff0c\u4f46\u6211\u9690\u7ea6\u611f\u89c9\u5230\u4e86\u9ad8\u7aef\u5927\u6c14\u4e0a\u6863\u6b21"
  }
},
{
  "pk": 9, 
  "model": "bookStore.readingstatus", 
  "fields": {
    "name": "\u8e29", 
    "desc": "\u4f5c\u8005\u8be5\u5403\u836f\u4e86\u3002\u8fd9\u4e48\u5751\u7239\u7684\u5185\u5bb9\uff0c\u4e5f\u597d\u610f\u601d\u62ff\u51fa\u6765\u7978\u5bb3\u4eba\u6c11"
  }
},
{
  "pk": 1, 
  "model": "bookStore.readinglog", 
  "fields": {
    "chapter": 4, 
    "status": 1, 
    "timestamp": "2013-10-20T01:53:45Z", 
    "notes": "", 
    "reader": 1, 
    "commit": "\u5bf9CGI \u4e0d\u719f\u7cfb\uff0c\u6240\u4ee5CGI \u4e0e\u6846\u67b6\u5bf9\u6bd4\u90e8\u5206\u7406\u89e3\u4e0d\u6df1\u3002"
  }
},
{
  "pk": 2, 
  "model": "bookStore.readinglog", 
  "fields": {
    "chapter": 5, 
    "status": 6, 
    "timestamp": "2013-10-20T04:26:37Z", 
    "notes": "", 
    "reader": 1, 
    "commit": ""
  }
},
{
  "pk": 3, 
  "model": "bookStore.readinglog", 
  "fields": {
    "chapter": 6, 
    "status": 1, 
    "timestamp": "2013-10-27T03:08:51Z", 
    "notes": "url\u659c\u6760\u95ee\u9898\uff0c\u524d\u9762\u4e0d\u5305\u542b\uff0c\u7b80\u5316\u5de5\u4f5c\uff0c\u6bd4\u5982url\u5185\u5d4c append_slash", 
    "reader": 1, 
    "commit": ""
  }
},
{
  "pk": 4, 
  "model": "bookStore.readinglog", 
  "fields": {
    "chapter": 2, 
    "status": 8, 
    "timestamp": "2013-10-27T12:15:23Z", 
    "notes": "", 
    "reader": 2, 
    "commit": "test"
  }
},
{
  "pk": 5, 
  "model": "bookStore.readinglog", 
  "fields": {
    "chapter": 6, 
    "status": 1, 
    "timestamp": "2013-11-03T14:42:03Z", 
    "notes": "", 
    "reader": 1, 
    "commit": "views \u4e2d\u53ef\u4ee5\u7981\u6b62\u8c03\u7528\u65e0\u53c2\u51fd\u6570\uff0c\u4ee5\u589e\u52a0\u5b89\u5168\u6027"
  }
},
{
  "pk": 6, 
  "model": "bookStore.readinglog", 
  "fields": {
    "chapter": 10, 
    "status": 1, 
    "timestamp": "2013-11-04T13:58:28Z", 
    "notes": "", 
    "reader": 1, 
    "commit": "\u4e0e django book \u5185\u5bb9\u76f8\u4f3c\u4f46\u7ec4\u7ec7\u7ed3\u6784\u4e0d\u540c\uff0c\u672c\u4e66\u57fa\u4e8e\u6848\u4f8b\uff0c\u5148\u5b9e\u8df5\uff0c\u518d\u8bb2\u89e3\u76f8\u5173\u77e5\u8bc6\uff0c\u66f4\u9002\u5408\u4e8e\u65b0\u624b\uff0c\u5c24\u5176\u662f\u6ca1\u6709web\u5f00\u53d1\u7ecf\u9a8c\u7684\u65b0\u624b"
  }
},
{
  "pk": 7, 
  "model": "bookStore.readinglog", 
  "fields": {
    "chapter": 11, 
    "status": 7, 
    "timestamp": "2013-11-04T14:03:36Z", 
    "notes": "1. \u7528\u81ea\u5b9a\u4e49\u7684 Manage \u548c save \u65b9\u6cd5\uff0c\u4f18\u96c5\u7684\u5b9e\u73b0\u81ea\u5b9a\u4e49\u529f\u80fd\u3002\r\n2. model->url->views->template \u7684\u987a\u5e8f\u8fdb\u884c\u5f00\u53d1\u3002\r\n    \u4ec0\u4e48\u65f6\u95f4\u505a\u8bbe\u8ba1\uff1f", 
    "reader": 1, 
    "commit": "\u5176\u4e2d\u6d89\u53ca\u7684\u6280\u672f\u5927\u591a\u4e86\u89e3\uff0c\u4f46\u5bf9\u5185\u5bb9\u7ba1\u7406\u7cfb\u7edf\u53ca\u5176\u8bbe\u8ba1\uff0c\u5c1a\u9700\u6df1\u5165\u5b66\u4e60"
  }
},
{
  "pk": 8, 
  "model": "bookStore.readinglog", 
  "fields": {
    "chapter": 11, 
    "status": 7, 
    "timestamp": "2013-11-05T14:06:48Z", 
    "notes": "", 
    "reader": 1, 
    "commit": "\u901a\u8fc7\u5f88\u591astory\uff0c\u4ecb\u7ecd\u4e86CMS\u6d89\u53ca\u7684\u4e13\u9879\u9700\u6c42\u3001\u5b9e\u73b0\u65b9\u5f0f\u4e0e\u7b80\u5355demo"
  }
}
]
